<?xml version="1.0" encoding="UTF-8"?>
<beans xmlns="http://www.springframework.org/schema/beans"
	xmlns:mvc="http://www.springframework.org/schema/mvc"
	xmlns:context="http://www.springframework.org/schema/context"
	xmlns:xsi="http://www.w3.org/2001/XMLSchema-instance"
	xsi:schemaLocation="
        http://www.springframework.org/schema/beans     
        http://www.springframework.org/schema/beans/spring-beans.xsd
        http://www.springframework.org/schema/mvc 
        http://www.springframework.org/schema/mvc/spring-mvc.xsd
        http://www.springframework.org/schema/context 
        http://www.springframework.org/schema/context/spring-context.xsd">
 
	<bean id="viewResolver"
		class="org.springframework.web.servlet.view.UrlBasedViewResolver">
		<property name="viewClass"
			value="org.springframework.web.servlet.view.JstlView" />
		<property name="prefix" value="/WEB-INF/jsp/" />
		<property name="suffix" value=".jsp" />
	</bean>
	
	<bean id="customerBean" class="com.sti.bootcamp.servlet.model.Customer">
		<property name="customerNumber" value="2" />
		<property name="firstName" value="Azwan" />
	</bean>
	
	<bean id="counterBean" class="com.sti.bootcamp.servlet.CounterUtil" scope="prototype">
		
	</bean>
	
	<bean id="customerService" class="com.sti.bootcamp.servlet.dao.impl.CustomerDaoWsImpl">
		
	</bean>
	
	<bean id="dbUtil" class="com.sti.bootcamp.servlet.DbUtil">
	
	</bean>
	
</beans>